code,nmVolume
BKG,324545.45454545453
PSH,157922.72727272726
SVD,579318.1818181818
TNH,154690.9090909091
TTA,1059400.0
